review,actual,predicted,negative_probability,positive_probability,confidence,correct,uncertainty
pretty simplistic romance girl find boy girl love boy girl loses boy girl find boy colleen moore outstanding ingredient recipe delivering wonderfully varied performance well deserving oscar nom equally fine aerial combat special play french girl whose mother turned field british aerial squadron wwi daughter regiment loved little sister mix come downed flyer gary cooper first hate love entire squadron sent suicide mission cooper return crash village red cross unit remove moore search told hospital dead wanders street call hospital window nice little romance hardly recommended fan moore cooper,negative,positive,0.057976446833041484,0.9420235531669585,0.9420235531669585,False,0.4420235531669585
okay first got movie christmas present free first movie meant stereoscopic part whenever main character car movie fall flat not hard film car second story good lot thing wrong showing death beginning film made movie suck whenever going get killed watch good laugh waste time buying download something cheap,positive,negative,0.9562400165862126,0.04375998341378739,0.9562400165862126,False,0.4562400165862126
bunch american student tutor decide visit ugliest part ireland order study ancient religious practice despite repeatedly warned danger straying beaten path local creepy irish guy natch wind inside outside courtesy family inbred cannibal descendant infamous sawney bean clan according film silly plot upped stick scotland settled emerald isle think porn star plus low budget horror automatically equal ton nudity terrible acting think evil breed bristling adult star fact not nearly much nudity one might expect given talent involved acting although far oscar worthy ai bad exception ginger lynn allen know marvellous french whose irish lousy breed open superb style brutal slaughter couple amorous camper brief sex silicone enhanced hottie dragged tent torn half guy arm leg cut roasted spit gory start bodes well rest promising beginning thing start go seriously downhill introduced main character annoying bunch begging become cannibal chow subjected fair amount time wasting form terrible false scare lot blarney murderous druid local irish weirdo gary simon peacock worst conversation convention horror film clever look though film never going get better director christian viel decides get serious guy get knife rammed head gratuitous scene featuring lovely blonde gillian leigh not porn star sure career waiting want thing improve rapidly cannibal kick top gear film transformed veritable bloodbath gary machete rammed as time strangled intestine ginger lynn mutant jenna jameson torn open eviscerated silicone breast implant gnawed confused cannibal guy get decapitated cheese wire taylor hayes seen bloody bruised naked dead foetus leg apparantly captured used breeding stock outrageously gory make sitting less interesting stuff worthwhile earns evil breed final rating troubled production studio meddling resulted christian viel eventually abandoning project done gore heavily trimmed u release good news although film flow well might cursed terrible ending uk dvd version watched seems left relatively intact far splatter concerned cut film total,positive,negative,0.9442017350872406,0.05579826491275939,0.9442017350872406,False,0.4442017350872406
since starting read book movie based mixed feeling filmed result learned time ago see movie adaptation book read book found read book first inevitably disappointed film would undoubtedly true whereas case atonement probably best filmed adaptation book ever seen would probably not trying figure cause suspect point finger squarely michael cunningham much respect hour not read saw awed not escape feeling not much adapted susan minton book take character basic premise write movie not dislike movie actually love movie since started reading novel feeling disturbed whole thing feel disloyal minton enjoying movie thooughly departure work reading understand struggle adapting unlike one reviewer movie said not much novel deserve movie like book ca make transition minton novel operates level personal intimate central character internally seems impossible place physical realm even though lot book memory real event memory fragmented ethereal feel not filmable think minton work real work literature not make transition film no way detracts not yet report evening film not represent evening novel superficial way since halfway original would make tremendous leap resemble film follows point guess writing feel going adapt novel adapt make something else not not sure michael cunningham done anything wholly original see far thing done based someone else work would not hour virginia woolf not written dalloway would not evening distressed form susan minton not much trouble probably not attempted first place much say would better minton left well enough alone evening film satisfactory beautiful work confusion mixed feeling sense disloyalty ultimate conclusion case novel not film vice versa eventual gratitude writer work,positive,negative,0.9132175510562668,0.08678244894373316,0.9132175510562668,False,0.4132175510562668
movie everything make bad movie worth watching sloppy editing little no continuity insane dialog bad might even say acting pointless story line shot go far long perfect riffing not mention corpse eater drinking game scribble form take shot sign name take shot catch bad foley edit take many many reason rate higher not enough gratuitous nudity despite insane badness hour long hell movie like least minute longer,positive,negative,0.9644401158239502,0.035559884176049786,0.9644401158239502,False,0.4644401158239502
unlike commenters not staging class war mind seeing life people fairly successful extroverted bohemian gasp not terribly english party getting sort trouble result not bad film closer euro cinema rather imitation usual slick american crap believe minimal sound design cheap camera conscious decision rather bad film making defend film worse result put spotlight cast really good kate think name sarcastic drunk one exception david baddiel never allowed appear serious stuff light go kind crap country real friend go party could worse sit watch,positive,negative,0.9374575495490662,0.0625424504509338,0.9374575495490662,False,0.43745754954906624
never seen movie edge seat constantly laughing throughout entire movie never thought horrible acting existed funny story behind movie decent movie scene fail portray never seen stupid movie life think worth watching give movie pathetic movie ever created movie seems like solely created become trash mean scene seem fake actor act like camera front get kick watching lame movie friend could not stop making joke movie darthvader guy try get girl got ran not twice second time got ran sounded like said sh although speak english lol watch movie think movie like took granted way better movie seen curiosity well kind movie defines lame evil serpent encountered girl many time ridiculous evil serpent roared roared let get away every time evil serpent many chance like god trying say hurry eat girl many miracle want transition scene leaf wondering miss something many plot hole scene scene laughing like crazy decided escape mexico get away serpent hmmmm hopping border save serpent korea interesting interesting guess hopping border solves problem another scene completely stupified met first time romantic scene beach kissed even know scene clichéd no substance least movie might seem logical afterwhile mean met even though reincarnation feeling like instantly loved instead rather developing anyways movie worth watching sake opening eye seeing light bad hollywood movie seem like heaven compared end worth watching wont get bored occupied criticizing every moment every scene head,positive,negative,0.9240665108708538,0.07593348912914617,0.9240665108708538,False,0.4240665108708538
apparently swimming tide glowing comment film not seen since year old one thing remember distinctly bunyip terrifying nightmare inducing terrifying creepy music little girl kangaroo away life kid also remember animated hobbit no worry watership blink eye dot kangaroo still haunt dream several friend age also think massively creepy maybe get group rate short one freaky film time,negative,positive,0.09098136550783242,0.9090186344921676,0.9090186344921676,False,0.4090186344921676
desperately want give movie really movie especially horror movie budget good ninja scarecrow implement corn cob lethal weaponry definitely fit budget brilliance system depth movie definitely strong point twist turn implement keeping audience edge seat really drive creepy ninja year old student drawing scarecrow limelight creepiest horror icon year really say dig recommend watching movie frankenfish enjoy sort hilarious horror hell smoking,negative,positive,0.055958889135412804,0.9440411108645872,0.9440411108645872,False,0.4440411108645872
one best celebrity reality show ever saw see concert see life britney love five episode always surprised britney subject show think people watch show great person really funny really gentle love fan see love work give real jerk seem like britney make second season great show show people britney really go britney best never leave heart,negative,positive,0.03305295113937623,0.9669470488606238,0.9669470488606238,False,0.46694704886062377
movie bad good kind storyline rehashed many film kind not going even bother describing picture kid hoping realize important world nomadic adventurer evil princess hairy creature get first time caught movie harsh winter know decided continue watching extra five minute turning channel caught site gulfax decided stay watch white furry creature akin chewbacca not nearly useful entertaining watch look like someone glued bunch white shag carpeting together forced actor wear scene look like actor not move within almost falling although movie much scene worth watch attempt talk smack bo svenson taking comparison even higher level actually bought movie character still somewhere gulfax may look like sh made movie reason never seen sequel even sought absence perhaps final film completing trilogy gulfax make return,positive,negative,0.9012879559557797,0.09871204404422032,0.9012879559557797,False,0.4012879559557797
one movie filmed coronado high school scottsdale az late well one guy bill ted excellent adventure perfect segmented movie played mickey mouse club movie definitely kid previous comment pretty right coronado gone overhaul past couple year many building seen film gone field playing catch adjacent football field one area still internal scene near locker believe old playing late night disney channel may hard find flick ever made sequel beyond,negative,positive,0.07895329886720315,0.9210467011327969,0.9210467011327969,False,0.42104670113279685
movie first started thought cheesy first ten minute really boring slow beginning soap opera antic started liking plot different anything ever seen horror not really classied horror producer put money movie make scary creature short time assume money good side movie entertaining held interest start make wonder creature another obvious first time movie director couple highlight end hooked bad hollywood put money behind,positive,negative,0.9248377380263089,0.07516226197369119,0.9248377380263089,False,0.42483773802630886
one not greatest film time every thing movie great acting film true quality master p acting skill make actually believe italian cinematography excellent probably best ever movie great brain capacity earth worm,negative,positive,0.07061321443448076,0.9293867855655192,0.9293867855655192,False,0.42938678556551924
occasionally one served new entrée foreign film great attraction take life serve raw american film rarely dare touch forbidden subject society many morbid fear financial failure almighty dollar determines selection something invite european director addition audience world wide remain hungry different film especially offer savory bite wretched suffering body humanity despite fear director producer many audience yearn beauty poetry pristine flavor life film left father offer curious audience family locked belief unity family stem unity obedience tradition yet patriarch family forgets member flesh blood human filled raging unbridled dream dark passion two set motion selton mello play andré son seek control inner passion stagnant philosophy father raul cortez play father simone spoladore ana young woman seek quench forbidden thirst family water leonardo medeiros pedro elder brother film offer much take extremely inordinate amount time say,negative,positive,0.07599779700491549,0.9240022029950845,0.9240022029950845,False,0.4240022029950845
one time greatest horror movie charles band made best movie little seen gem highly realistic incredibly visual flair david fincher would envy not hard see band went make classic killjoy deliverance evil regina pierce affair virgin sherwood forest timegate tale saddle highly sophisticated tiny body large head control family weirdo perform experiment naked woman movie may bit much younger viewer educated type viewer see band able convey subtle message human condition masterpiece head symbolic lost love longing one inner self must face one point another reason able engage film deeply personal level although many earlier critic compared band film lesser work stand head heel rest gorier not pointlessly gore film well crafted used enhance storyline rather get cheap shriek audience also special effect film absolutely top notch easily best work done horror film since well ever work film make savini effect look like work blind limbless problem film copious amount full frontal nudity ultimately unnecessary achieving composer create timeless epic would forever go history possibly greatest film time not slight problem would given film perfect,negative,positive,0.09561303756401185,0.9043869624359882,0.9043869624359882,False,0.40438696243598815
although great film something compelling memorable like another commenter film saw childhood thirty three year since never forgotten story ridiculously cumbersome title see opportunity feel like voyeur small town life evolves decade film one brings human face historical drama early twentieth century progress engaging enough young viewer memorable enough older one furthermore easy like character watch passage time,negative,positive,0.09156221264152631,0.9084377873584737,0.9084377873584737,False,0.4084377873584737
ernest borgnine wasted no point putting great actor greatest actor world wasted reason none ever america want put classic actor movie waste,positive,negative,0.9605123163771849,0.039487683622815115,0.9605123163771849,False,0.4605123163771849
no movie made feel like feel bad like want money back time waited watch movie month nor feel bad using two hour sunny summer day order view reason say no matter hard wrack brain ca seem come word seven language movie sum no idea going entire time half way movie needed breather no movie ever done never life wanted cauliflower milk baguette much thank eduh clear throat no word no thought know truly know cait,positive,negative,0.9013152255467111,0.09868477445328892,0.9013152255467111,False,0.40131522554671106
